Political Terror Scale,1990,1991,1992,1993,1994,1995,1996,1997,1998,1999,2000,2001,2002,2003,2004,2005,2006,2007,2008,2009,2010,2011,2012,2013,2014,2015,2016,2017,2018,2019,2020
1,4,4.5,4.5,4.5,5,5,4.5,5,5,5,5,5,4.5,4,4.5,5,5,5,5,5,4.5,5,4,5,4.666666667,4.666666667,4.666666667,5,5,5,5
2,3,2.5,2,2,2.5,2.5,2.5,4,2.5,3,2.5,2.5,3,2,2.5,2.5,2.5,2.5,2,2,2,2,2,2,2,2.5,2,2,2,2,2
3,2,3,4,4.5,5,5,5,5,5,5,4.5,4.5,4,4.5,4,4,4,3.5,3,2.5,3,3,2,2.5,2.666666667,2.666666667,2.666666667,2.333333333,2.666666667,3,3
4,NaN,NaN,NaN,NaN,NaN,NaN,NaN,NaN,NaN,NaN,NaN,NaN,NaN,NaN,NaN,NaN,NaN,NaN,NaN,NaN,NaN,NaN,NaN,NaN,NaN,NaN,NaN,NaN,NaN,NaN,NaN
5,NaN,NaN,NaN,NaN,NaN,NaN,NaN,NaN,NaN,NaN,NaN,NaN,NaN,NaN,NaN,NaN,NaN,NaN,NaN,NaN,NaN,NaN,NaN,NaN,NaN,NaN,NaN,NaN,NaN,NaN,NaN
6,4,3,4.5,5,5,4.5,4.5,4,5,5,4.5,4.5,3.5,4,4,3.5,3,3.5,3,3.5,3,3,3,3.5,3.666666667,3,2.666666667,3,3,3,3
7,NaN,NaN,NaN,NaN,NaN,NaN,NaN,NaN,NaN,NaN,NaN,NaN,NaN,NaN,NaN,NaN,NaN,NaN,NaN,NaN,NaN,NaN,NaN,NaN,NaN,NaN,NaN,NaN,NaN,NaN,NaN
8,1,1,1,1,1,1,1,1,1,1,2,2,2,2,2,1,2,2,1,2,2,1,1,1,1,1,2,2,1,1,1
9,2.5,2.5,2,2,2,2,2.5,2,2.5,2.5,2,3,2.5,2,2.5,2,2,2,2,2.5,2,2.5,1.5,2,2.666666667,2,2,2,2,1.666666667,2.666666667
10,2,2,2,2,2,2,2,2.5,2.5,2.5,2,2,3,2,2.5,2,2,2.5,3,2.5,2.5,3,2.5,2.5,3,2.666666667,3,2.333333333,2.5,1.666666667,3.333333333
11,NaN,NaN,NaN,NaN,NaN,NaN,NaN,NaN,NaN,NaN,NaN,NaN,NaN,NaN,NaN,NaN,NaN,NaN,NaN,NaN,NaN,NaN,NaN,NaN,NaN,NaN,NaN,NaN,NaN,NaN,NaN
12,1,1,1,1,1,1,1,1,1,1,1,1,1.5,2,1.5,1.5,1,1,1,1,1.5,1,1,1,1.333333333,1.666666667,1.333333333,1.333333333,1,1.666666667,1.666666667
13,1,1,1,1,1,1,1,1,1,1,1,1,2,2,2,1.5,2,2,1.5,2,1.5,1,1,1,1,1.5,1,1,1,1.5,1
14,4,4,4,4,3.5,3,2.5,2.5,2,2,2.5,2,2.5,2.5,2.5,3,2,3,2.5,2.5,3,3,3,3,3,3,3,3,3,3,4
15,1,1,1,1,1.5,1,1,1,1,1,1,1,2,2,1.5,1.5,1.5,2.5,2,2,1.5,2,2,2,2,2.5,2,2,2,2,2
16,3,2.5,2,2,2.5,3.5,3,2.5,2.5,2.5,2.5,1,2,1,1,1.5,1.5,2,2,1.5,2.5,3,3,3,3,3,3,3,3,2.666666667,3
17,4,3.5,4,3,3,3,3.5,3.5,3,3,3,3.5,3.5,3.5,4,4,4,4,4,4,4,3.5,3.5,4,4,4,4,4,4,4,4
18,1,1,1,1,1,1,1,1,1,1,1,1,1,1,2,2,2,2,2,2,2,2,1,1,1,2,2,2,2,1,1
19,2,2,2,2,1.5,2,2,3,2.5,2.5,3,2.5,2.5,2.5,3,2.5,3,2.5,3,2.5,2.5,2.5,2.5,3,2.666666667,2.333333333,2.333333333,3,3,2.5,4
20,1,1,1,1,1,1,1,1,1,1,1,1,1.5,1.5,1.5,1.5,1.5,1.5,1.5,1.5,1.5,1,1,1,1,1,1,1,1,1,1.5
21,1,1,1,1,1,1,1,1,1,1,1,1,2.5,2,2,2.5,2,2,2,3,2,2,2,2,2,2,2,2,2,2,2
22,1.5,1,1.5,1.5,1.5,2,1,1,2,2,2,2,2,2,2,3,3,2,2.5,2,2,2,1.5,2,2,2,2,2,2,2.5,2.5
23,2,3.5,3.5,3.5,3.5,2,1.5,2.5,1.5,2,1.5,1.5,1.5,1,2,1,1,1,2,3,2,2,2,2,1,2,1,1,1,1,1
24,2.5,2.5,2.5,2.5,2,2,2,2,2,2.5,2.5,2,2.5,3,2.5,2.5,2.5,2.5,2.5,1.5,2,2,2,2,2,1.666666667,2,1.666666667,2,3,3
25,NaN,NaN,NaN,NaN,NaN,NaN,NaN,NaN,NaN,NaN,NaN,NaN,NaN,NaN,NaN,NaN,NaN,NaN,NaN,NaN,NaN,NaN,NaN,NaN,NaN,NaN,NaN,NaN,NaN,NaN,NaN
26,5,5,5,5,5,5,3,3.5,3,3,3,2.5,2,2,2,2,2,2,2,2,2,1.5,1.5,2,2,1.333333333,2,1.666666667,1.5,1.666666667,1.333333333
27,1,1,1.5,1,1,1,1,1,1,1,1,1,2,2,2,2,2,2,2,2,1,1,2,1,1,1,2,2,2,1,1.5
28,4.5,4.5,4.5,4,4,4,4,3.5,3,4,3.5,4,4,4,4,4,4,4,4,4,4,3.5,4,4,4,4,3.666666667,3.666666667,4,4.333333333,4.333333333
29,NaN,NaN,NaN,NaN,NaN,NaN,NaN,NaN,NaN,NaN,NaN,NaN,NaN,NaN,NaN,NaN,NaN,NaN,NaN,NaN,NaN,NaN,NaN,NaN,NaN,NaN,NaN,NaN,NaN,NaN,NaN
30,1.5,1,1,1,2,2,1,1,1,2,1,1,2,2,1.5,1,1,1,1,1,1,1,1,1,1,1,1.5,1.5,1,1.5,1
31,2,1.5,2,2,2.5,2.5,2.5,2.5,2,3,2.5,2.5,2,2,2,2.5,2.5,2.5,2,2,2,2,1,2,2,2,2,2.5,2,1.5,2
32,2.5,2,1.5,2,3,3,2,2,2,2.5,2,2,3,2,1.5,2,3,3,3,2,2,3,1.5,3,3,3,2.5,2.5,3,4,4
33,2,4.5,4,5,5,5,5,5,5,5,4.5,5,5,4,4.5,4.5,4,4,4,3,3.5,3.5,3.5,4,3,4,4,4.333333333,4,3.666666667,4.666666667
34,1,1,1,1,1,1,1,1,1,1,1,1,2,1,1,2,1,2,2,2,2,2,1,2,2,1,1,2,1,1,1
35,3.5,3.5,3,4,4,3.5,3.5,3.5,3.5,3,2.5,2.5,3,3,3,3,3,3.5,3,3,3,3,3,3.5,3,2.333333333,2.666666667,3,3,3,3
36,2.5,3.5,3.5,3,4,3,3,3,3.5,4,4,3,3,4,3.5,3.5,3.5,3,4,2.5,2.5,2.5,2.5,3,3.5,3,3.5,3.5,4,4,4
37,1,1,1,1,1,1,1,1,1,1,1,1,1.5,1,1,1,1,1.5,1.5,1,1,1,1,1,1,1,1,1,1,1,1.666666667
38,NaN,NaN,NaN,NaN,NaN,NaN,NaN,NaN,NaN,NaN,NaN,NaN,NaN,NaN,NaN,NaN,NaN,NaN,NaN,NaN,NaN,NaN,NaN,NaN,NaN,NaN,NaN,NaN,NaN,NaN,NaN
39,2,2,2.5,2,2,2,2,3,2,3,2,4,3,4,3,3.5,4.5,4.5,4,4,4.5,4,4,5,5,4,3.666666667,4,3,2.666666667,3.333333333
40,4,3.5,4.5,4.5,4,4,3,4,4,4,3.5,4,3,3.5,3.5,3,4,4,5,4.5,4,3.5,3,3,3,3,3.5,3,3,3,3
41,3,3,3,2.5,2,2,2,2,2,2,2,2,2,2,1,1,1.5,1.5,2,2,1.5,2,2,2,2,1.666666667,2,1.666666667,1.5,3.333333333,3.333333333
42,4,3.5,3.5,3,3.5,3,3.5,4,4.5,4,4.5,4,4,4,4,4,4,3.5,4,4,4,4,4,4,4,4,4,3.666666667,4,4,4.333333333
43,NaN,NaN,NaN,NaN,NaN,NaN,NaN,NaN,NaN,NaN,NaN,NaN,NaN,NaN,NaN,NaN,NaN,NaN,NaN,NaN,NaN,NaN,NaN,NaN,NaN,NaN,NaN,NaN,NaN,NaN,NaN
44,NaN,NaN,NaN,NaN,NaN,NaN,NaN,NaN,NaN,NaN,NaN,NaN,NaN,NaN,NaN,NaN,NaN,NaN,NaN,NaN,NaN,NaN,NaN,NaN,NaN,NaN,NaN,NaN,NaN,NaN,NaN
45,5,5,4.5,5,5,4.5,5,5,5,5,5,5,5,5,5,4.5,4.5,4,4.5,4.5,4.5,4,3.5,4,3.666666667,3.666666667,3.333333333,3.333333333,3,3.333333333,3.333333333
46,1.5,1.5,2.5,2,2,2,1,2.5,1,3,2,2,1,2,1,1,1,3,3,1,1,2,2,1,1,1,1,1,2,2,2
47,2,1.5,2,3.5,4,3,3,5,4.5,5,4,3,4,4,2.5,2.5,2.5,2.5,3,2.5,2,2,2.5,3,3.5,4,4,4,3,3,2.5
48,NaN,NaN,NaN,NaN,NaN,NaN,NaN,NaN,NaN,NaN,NaN,NaN,NaN,NaN,NaN,NaN,NaN,NaN,NaN,NaN,NaN,NaN,NaN,NaN,NaN,NaN,NaN,NaN,NaN,NaN,NaN
49,1,1,1.5,1,1,1.5,1.5,1,1,1,1,1.5,1,1,2,1,1,1,2,2,1,2,2,2,2,1,2,1,1,1,1
50,2,2,3,2,2.5,2.5,3,2.5,2.5,2.5,3.5,2.5,4,4,4.5,4,4,4,3.5,3.5,3.5,4.5,4,3,3,3,3,3,2.5,3,3.5
51,4.5,4.5,4.5,4,3.5,5,3,3,3,3,1,2,2,2,2,2,2,1,1,1,1,1,1,1,1,1,1,1.5,1,1.5,1.5
52,3,3,3,3,3,3.5,3,3,3,3,3,3,2.5,2.5,2.5,2.5,3,3,3,3,3,3,3,3,3,3,2.666666667,3,3,3,3
53,NaN,NaN,NaN,NaN,NaN,NaN,NaN,NaN,NaN,NaN,NaN,NaN,NaN,NaN,NaN,NaN,NaN,NaN,NaN,NaN,NaN,NaN,NaN,NaN,NaN,NaN,NaN,NaN,NaN,NaN,NaN
54,1,1,1.5,2,1,2,1.5,2,1.5,1.5,1,2,2,2,2,2.5,2,2,1.5,1.5,1.5,1.5,2,1,2,2,1,1.5,2,1.5,1.5
55,1.5,1.5,1.5,1,1,1.5,1,1,1.5,1.5,1.5,2,1.5,1.5,2,2,1.5,1.5,1,1,1,1,1,1,1,1,1,1,1,1,1
56,5,5,5,5,5,5,5,5,5,5,5,5,3.5,4,4,4,4,4,5,5,5,5,5,5,5,5,5,5,5,5,5
57,NaN,NaN,NaN,NaN,NaN,NaN,NaN,NaN,NaN,NaN,NaN,NaN,NaN,NaN,NaN,NaN,NaN,NaN,NaN,NaN,NaN,NaN,NaN,NaN,NaN,NaN,NaN,NaN,NaN,NaN,NaN
58,1,1,1,1.5,1,1,1,1,1,1,1,1,1.5,1,1,1,1,1,1.5,1.5,1,1,1,1,1,1,1,1,1,1,1
59,2,3,3,4,3.5,2,2,2,3.5,3,2,3,2,3,2,2,3,3,2,1.5,2,3,3,3,3,3,3,3,3,3,4
60,1,1,1,1,1,1,2,2,2,1,1,1,2,2,2,2,2,2,2,2,1,1,1,1,1,1,2,1,1,1,1
61,2,2,2,2,2,2,3,3,3,3,2.5,3,2.5,3,2.5,3,3,3,4,4,3.5,3.5,3,3,3,2.666666667,3,3,3,3,3
62,3,2.5,3,2.5,2.5,2.5,2,2.5,3,3,3,3,3,3,3,3,3,3,2.5,2.5,2,2.5,2.5,2,2,2.333333333,2.333333333,2,2,2.333333333,1.666666667
63,3,3.5,3,4,4,4,3.5,4,3,3,3,3.5,3.5,3.5,3.5,3.5,4,3.5,3.5,3.5,4,4,3,4,4,4,4,4.333333333,4,4.333333333,4
64,4,4,4,3.5,3,2.5,2.5,2.5,2,3,3,2,1.5,3,2.5,2.5,3,3,2.5,2.5,2.5,2.5,2,3,2,2,2.5,2.5,3,2.666666667,3.333333333
65,2.5,3,3,3,3.5,3.5,3,3,3,3,2.5,2.5,3,2.5,3,3,3,3,3,3,3.5,2.5,3,3,2.666666667,3,2.666666667,2.666666667,3,2.666666667,3
66,1.5,1.5,1.5,1.5,1.5,1.5,1.5,2.5,4.5,3.5,3,3,2.5,3,3.5,3,4,4,3.5,4,4,4,4.5,4.5,4.333333333,4.666666667,4.333333333,5,5,4.666666667,4.666666667
67,2,2,2,2,1.5,1,1.5,2,1,1,1,1,2,1,1.5,1.5,1,2,1.5,1,1,1,1,1,1,1,1,1,1,1,1
68,2,2,1.5,2.5,2.5,2,1.5,2,2,2,2,2,2,2,2,2.5,3,3,3,3,3,2.5,3,3,2.5,2.333333333,2.333333333,2,2.5,1.666666667,1.333333333
69,4,4,3.5,3.5,4,3.5,3,3.5,4.5,4.5,3.5,3.5,4,4,4,4,3.5,4,3.5,3.5,3.5,3.5,3.5,3,3.666666667,3.333333333,4.333333333,4.333333333,3.5,3.666666667,4
70,NaN,NaN,NaN,NaN,NaN,NaN,NaN,NaN,NaN,NaN,NaN,NaN,NaN,NaN,NaN,NaN,NaN,NaN,NaN,NaN,NaN,NaN,NaN,NaN,NaN,NaN,NaN,NaN,NaN,NaN,NaN
71,NaN,NaN,NaN,NaN,NaN,NaN,NaN,NaN,NaN,NaN,NaN,NaN,NaN,NaN,NaN,NaN,NaN,NaN,NaN,NaN,NaN,NaN,NaN,NaN,NaN,NaN,NaN,NaN,NaN,NaN,NaN
72,2,2,2,1,1,1,1,1,1,1,4,2.5,2,2,2,1.5,2,2.5,1.5,2,2,2,2,2,1.5,1.5,1,2,1,1.5,2
73,1,1,1,1,1,1,1,1,1,1,1,1,1,1,1,1,1,1,1,1,1,1,1,1,1,1,1,1,1,1.5,1
74,1,1,1,1,1.5,2,2,1,1.5,2,1.5,2,2,2,2,2,2,2,1.5,1.5,1.5,1.5,1.5,1,1.5,1.5,1.5,1,2,2,2
75,NaN,NaN,NaN,NaN,NaN,NaN,NaN,NaN,NaN,NaN,NaN,NaN,NaN,NaN,NaN,NaN,NaN,NaN,NaN,NaN,NaN,NaN,NaN,NaN,NaN,NaN,NaN,NaN,NaN,NaN,NaN
76,NaN,NaN,NaN,NaN,NaN,NaN,NaN,NaN,NaN,NaN,NaN,NaN,NaN,NaN,NaN,NaN,NaN,NaN,NaN,NaN,NaN,NaN,NaN,NaN,NaN,NaN,NaN,NaN,NaN,NaN,NaN
77,1.5,2,2,2,3.5,2,2,2,2,2,2,2,2,2,2,3,3,3,3,3,2,2,2,2,2,2,3,3,3,2,2
78,1.5,1.5,1,1,2,2.5,2,2,2,2,3,2.5,2,2,2,2,3,3,2.5,3,3,3,3,3,3,3.333333333,2.666666667,1.666666667,2,1,1
79,3,3,3,4.5,3,3,2.5,2.5,3.5,2.5,2.5,3,3,3,3,3,3,3,3.5,2.5,2.5,2.5,2.5,1.5,2,2,2,2,2,2.333333333,2.333333333
80,1,1,1.5,1,2,2,1.5,1,1,1.5,1,2,1.5,2,2,1.5,1,1,1,1,1,1,1,1,1,1,1,1,1,1,1
81,2,2.5,2,1.5,3,2,1.5,2,2,2.5,2,2.5,3,2.5,2.5,2,2.5,2.5,2.5,2.5,3,3,2.5,2,2,2.5,2.5,2.5,3,2.5,2
82,NaN,NaN,NaN,NaN,NaN,NaN,NaN,NaN,NaN,NaN,NaN,NaN,NaN,NaN,NaN,NaN,NaN,NaN,NaN,NaN,NaN,NaN,NaN,NaN,NaN,NaN,NaN,NaN,NaN,NaN,NaN
83,1.5,1.5,2,2,2.5,2,2,2,2,2,1.5,2,2,2,2,2,2.5,2.5,2.5,2.5,2,2.5,2,1,2.5,2.5,2.5,2,1,2,2
84,1,1,1,1,1,1,1,1,1,1,1,1,1,1,1,1,1,1,1,1,1,2,1,1,1,1,1,1,1,1,1
85,NaN,NaN,NaN,NaN,NaN,NaN,NaN,NaN,NaN,NaN,NaN,NaN,NaN,NaN,NaN,NaN,NaN,NaN,NaN,NaN,NaN,NaN,NaN,NaN,NaN,NaN,NaN,NaN,NaN,NaN,NaN
86,NaN,NaN,NaN,NaN,NaN,NaN,NaN,NaN,NaN,NaN,NaN,NaN,NaN,NaN,NaN,NaN,NaN,NaN,NaN,NaN,NaN,NaN,NaN,NaN,NaN,NaN,NaN,NaN,NaN,NaN,NaN
87,5,4,4,4,4.5,4.5,4,3,3.5,3,3,3,3,3,2.5,3.5,4,3.5,2.5,3,3,2.5,2.5,2,2.333333333,2.333333333,2,2.666666667,2.5,2.666666667,2.666666667
88,NaN,NaN,NaN,NaN,NaN,NaN,NaN,NaN,NaN,NaN,NaN,NaN,NaN,NaN,NaN,NaN,NaN,NaN,NaN,NaN,NaN,NaN,NaN,NaN,NaN,NaN,NaN,NaN,NaN,NaN,NaN
89,2.5,2.5,3,3,3,3,3,2.5,3,3,3.5,4,2.5,2,2,2.5,3,4,3.5,5,3,3,3,3,3,2.666666667,2.333333333,3,3,3,3.333333333
90,2,1.5,2.5,2.5,2,2,2.5,3,4.5,4,2,2,2,2,2,2.5,2.5,1.5,1.5,3.5,2.5,2,3,2,2,2.5,2,1,1,1,2
91,2,2,2,2,2,1.5,2,2,2,2,2.5,2.5,2,3,3,2.5,2.5,2,2,3,1.5,2,2,2,2,2,2,2,2,2,2
92,4,4.5,4,4,4.5,2.5,3,2.5,3,3,3.5,3,3,3,4.5,4,3.5,3.5,2.5,2.5,2.5,2,3,2.5,2.666666667,2,2.333333333,2,2,3,3
93,NaN,NaN,NaN,NaN,NaN,NaN,NaN,NaN,NaN,NaN,NaN,NaN,NaN,NaN,NaN,NaN,NaN,NaN,NaN,NaN,NaN,NaN,NaN,NaN,NaN,NaN,NaN,NaN,NaN,NaN,NaN
94,3,3,3,3,2.5,2.5,2.5,2,2.5,3,3,2.5,3,3.5,3,3,3,3,2.5,4,3,2.5,2.5,3,3,2.666666667,3.333333333,3.333333333,3,3.333333333,2.666666667
95,1,1,1.5,1.5,1,1.5,1,1,2,2,2,2,2,2,2,2,2,2,1.5,1.5,1.5,1.5,1.5,1.5,1.5,1.5,2,2,2,1.5,1.666666667
96,1,1,1,1,1,1,1,1,1,1,1,1,1,1,1,1,1,1,1,1,1,1,1,1,1,1,1,1,1,1,1
97,4,4,4.5,5,5,4.5,4.5,4,4,3.5,4,4,4,4,3.5,3.5,3.5,4,4,4,4,4,4,4,3.666666667,3.666666667,3.666666667,3.333333333,3.5,4,3.666666667
98,3.5,4,4,4,4,4,3.5,3.5,4,4,4,4,4,4.5,4,3.5,3,3,3,3.5,3,3,3,3,3,3,3,3,3,3,2.666666667
99,4,4,4,3.5,4,4.5,3.5,4,3.5,4,3.5,3,3.5,3,3.5,3.5,4,4,4,4,4,4,4,3.5,3.333333333,3.666666667,4,4,4.333333333,4.333333333,4.666666667
100,5,5,5,5,5,5,5,5,5,5,5,4.5,4.5,5,5,5,5,5,5,4.5,4.5,4,4,5,5,5,5,4.666666667,4.333333333,4.666666667,4.333333333
101,1,1,1,1,1,1,1,1,1,1,1,1,1,1,1.5,1,1,1.5,1,1,1,1,1,1,1,1,1,1,1,1,1
102,NaN,NaN,NaN,NaN,NaN,NaN,NaN,NaN,NaN,NaN,NaN,NaN,NaN,NaN,NaN,NaN,NaN,NaN,NaN,NaN,NaN,NaN,NaN,NaN,NaN,NaN,NaN,NaN,NaN,NaN,NaN
103,4,4,3.5,3.5,3.5,3.5,4,3.5,4,4,4,4.5,5,4.5,4.5,4,4,4,5,5,4,4,4,4,4,3.666666667,3.333333333,3.666666667,3.333333333,3.333333333,3.666666667
104,1.5,1.5,1.5,2,2,2,1.5,1,1.5,1.5,1.5,2,2,1.5,1.5,2,1,2,2,2.5,2,2,1.5,2,2,1.5,2,1.5,1,1.5,1.666666667
105,2,2,3,2.5,2,3,1.5,2,3,3,3,3.5,3,3.5,3,3,3,3,3.5,3.5,4,3.5,3,3,3,3,3,2.5,3,3,3
106,1,1,1,1,1.5,1.5,1.5,1,1,1.5,1,1.5,2,2,1.5,1,1,1,1,1,1.5,1,1.5,1,1.5,1,1,1,1,1,1
107,NaN,NaN,NaN,NaN,NaN,NaN,NaN,NaN,NaN,NaN,NaN,NaN,NaN,NaN,NaN,NaN,NaN,NaN,NaN,NaN,NaN,NaN,NaN,NaN,NaN,NaN,NaN,NaN,NaN,NaN,NaN
108,2.5,2.5,2,2,2.5,2.5,2,2,2.5,2.5,2.5,2.5,2.5,2,2,2.5,3,3,3.5,3,3.5,3,3,3,2.666666667,3,2.666666667,2.333333333,2.666666667,2.333333333,2
109,1,1,1,1,2,1.5,2.5,2,3,2.5,3,3,3,2,2.5,2.5,2.5,2.5,2.5,2.5,3,3,3,3,3,2.666666667,3,2.666666667,3,3,3
110,3,3,4,3.5,4,3.5,3.5,4,3,3,3,3,4,3.5,3,3.5,3.5,4,4,3.5,3.5,2.5,4,3.5,3.666666667,3.333333333,3.333333333,3.666666667,4,3.666666667,3.666666667
111,1,1,1,1,1,1,1,1,1,1,1,1,1,1,1,1,1,1,1,1,1,1,1,1,1,1,1,1,1,1,1
112,5,4.5,3,3,2.5,2.5,2,2,2,1.5,1.5,1.5,2,2,2,2,2,2,1.5,2,2,2,2,2,2,2.666666667,2,2,2,2,2
113,1,1,1,1,1.5,1.5,1.5,2,2,3,2.5,2.5,2.5,2.5,2.5,2.5,3,3,1.5,2.5,4,3,3,3,3,3,3,3,3,2.666666667,3
114,2.5,2,2.5,2.5,2,1.5,1,2,2.5,2,3,2.5,2.5,3,3,3,3,3,1.5,2,2,2,2,2,2,2,2,2,2,2,2
115,1,1,1,1.5,1.5,2,1.5,2,2,1.5,1,1.5,1,1,1,2,1.5,1.5,2,2,2,2,1.5,1,1.5,1.5,1,1,1,1,1
116,4,3,3.5,3.5,4,4,3,3.5,3,3,3,3,3,3,3,3,3,3.5,3,2.5,2.5,2.5,3,3,3,2.666666667,2.666666667,3,2.666666667,3,3
117,2,2.5,3,2.5,3,2,1.5,2,2.5,2,1.5,2,2,2,2,2,2,3,2,2,2,2,2,2,2,3,3,2.5,2,2.5,2
118,5,4.5,4.5,5,5,5,5,3,3.5,4.5,4,5,4.5,4.5,3,3,3,3,2.5,2.5,2.5,2,2,2,2,3,2,1.5,2,3,3
119,3,3,3,3,3,3,3,3.5,3.5,3.5,3,3,3,3,3,3,3,3,3,3,3,5,4,4,4.333333333,4.333333333,4.666666667,5,5,5,5
120,1,1,1,1,1,1,1,1,1,1,1,1,1,1,1,1,1,1,1,1,1,1,1,1,1,1,1,1,1,1,1
121,1,1,1,1,1,1,1.5,1,1,1,1,1.5,1,1,1,1,1.5,1,1,1.5,1.5,1.5,1.5,1,1.5,1,1,1,1,1.5,1
122,1,1,1,1,1,1,1,1,1,1,1,1,1,1,1,1,1,1,1,1,1,1,1,1,1,1,1,1,1,1,1
123,2,3,3,3,2,2,2,2,2,2,2,2,3,2,2,2,2,2,2,4,2.5,3,3.5,3,3,3.5,3,2.5,3,3.5,4
124,2.5,3,3,2,2,2,2,2,2,2,2,2,3,2.5,2.5,3,3,2.5,2.5,2,2.5,3,2.5,2,2.5,2,2.5,2,3,3,2
125,2,2.5,2,1.5,2,2.5,2,2,3,2,2,2,2.5,2.5,2.5,2.5,2.5,2.5,2,2,2,2.5,2.5,2.5,3,3,2.666666667,3,3,2.666666667,2.666666667
126,2,2,2,2,1.5,2,2,1.5,1.5,1.5,1.5,2,2,2,2,2,2.5,2,1.5,1,1.5,1.5,2.5,1,2,2.5,2.5,2.5,2.5,2.333333333,2.5
127,3.5,3.5,3,2,3,2,1,2,2,2,1.5,2,2,2,2,2,2,2,2,1.5,1.5,1.5,3.5,4,3.666666667,3.666666667,3.666666667,3.666666667,4,4.333333333,4.333333333
128,1,1,1,1,1,1,1,1,1,1,1,1,1,1,1.5,1.5,1.5,1.5,1.5,1,1,1,1,1,1,1,1,1,1,1.5,1
129,1,1,1,1,1,1,1,1,1,1,2,2,1,1,1,1,1,1,1,1,2,1,1,1,1,1,2,1,1,1,1
130,NaN,NaN,NaN,NaN,NaN,NaN,NaN,NaN,NaN,NaN,NaN,NaN,NaN,NaN,NaN,NaN,NaN,NaN,NaN,NaN,NaN,NaN,NaN,NaN,NaN,NaN,NaN,NaN,NaN,NaN,NaN
131,4,4,3.5,2.5,2,2,1.5,2.5,2,2,2.5,2.5,3,2.5,3,3,3,2.5,3,3,2.5,2.5,2.5,2,2.5,2.5,3,3,2.5,2.666666667,2.5
132,1,1,1,1,2,1,1,1,2,2,2,2,1,1,2,2,2,2,2,2,2,2,2,2,2,2,2,2,2,2,2
133,NaN,NaN,NaN,NaN,NaN,NaN,NaN,NaN,NaN,NaN,NaN,NaN,NaN,NaN,NaN,NaN,NaN,NaN,NaN,NaN,NaN,NaN,NaN,NaN,NaN,NaN,NaN,NaN,NaN,NaN,NaN
134,3.5,3,3,3.5,4,4,3.5,3.5,3,3,3,3,3,3,3,3,3.5,3,3.5,4,4,4,4,3.5,4,4,4,4,4,4,4
135,1,1,1,1,1,1,1,1,1,1,1,1,1,2,1,1,2,1,2,1,1,1,2,1,1,1,1,1,1,1,1
136,1,1,1,1,1,1,1,1,1,1,1,1,1,1,1,1,1,1,1,1,1,1,1,1,1,1,1,1,1,1,1
137,1,1,1,1,1,1.5,1.5,1,2,1,1,1,2,2.5,2.5,2.5,2.5,2.5,3,2.5,2.5,2.5,1.5,2,2.5,2.5,2.5,2.5,2,2,2.5
138,1,1,1,1,1,1,1,1,1,1,1,1,1,1,1,1,1,2,2,2,1.5,1.5,1.5,2,2,2,1,1.5,2,1.5,2
139,NaN,NaN,NaN,NaN,NaN,NaN,NaN,NaN,NaN,NaN,NaN,NaN,NaN,NaN,NaN,NaN,NaN,NaN,NaN,NaN,NaN,NaN,NaN,NaN,NaN,NaN,NaN,NaN,NaN,NaN,NaN
140,3,3,3,3,3,3,2.5,2.5,2,2,2.5,2,2,2.5,2.5,3,3,3,3,3,3,3,3,2.5,2.666666667,2.666666667,2.666666667,2.333333333,2.333333333,2,2.333333333
141,3.5,3.5,4.5,3.5,3,2.5,3,2.5,3,2,3,3,2.5,2.5,3,3,3,3,3,3,3.5,3,3,3,3,2.5,3,2.666666667,3,2.666666667,4
142,4,4,5,5,5,4.5,4,5,4.5,4,4.5,3.5,3.5,4,4,4,4.5,5,4.5,4.5,5,4.5,4,4,4,4,5,5,4.5,5,5
143,2,2,2,2,2,2,2,2,3,3,2.5,3,3,2.5,2,2,2,2,1.5,1.5,2,2,2,2,2,1.5,1.5,1.5,1,1,2
144,1,1,1,1,1,1,1,1,1,1,1,1,1,1,1,1,1,1,1,1,1,1,1,1,1.5,1.5,1.5,1.5,1,1,1
145,3.5,2.5,3,3,3,2.5,3.5,3,3.5,3,4,4,4.5,4,4.5,5,4.5,3.5,4,4.5,3.5,3.5,3,2,2.333333333,2.666666667,2.333333333,2.333333333,2,2.666666667,2.666666667
146,1,1,1,1,1,1,1,1,1,1,1,1,1,1,1,1,1,1,1,1,1,1,1,1,1,1,1,1,1,1,1
147,NaN,NaN,NaN,NaN,NaN,NaN,NaN,NaN,NaN,NaN,NaN,NaN,NaN,NaN,NaN,NaN,NaN,NaN,NaN,NaN,NaN,NaN,NaN,NaN,NaN,NaN,NaN,NaN,NaN,NaN,NaN
148,1,1,1,1,1,1,1,1,1,1,1,1,1,1,1,1,1,1,1,1,1,1,1,1,1,1,1,1,1,1,1
149,2.5,3.5,3.5,3.5,3.5,3,3,3,3,2.5,2,2,2.5,3,2,2.5,2,1.5,2,2.5,2.5,2.5,2.5,3,2.5,3,2.5,2.5,4,3.666666667,3.333333333
150,3.5,2,3,2.5,3,3,2.5,2,3,3,2,2,2,2.5,2.5,2,2,3.5,3.5,3,3,2.5,2,3,2.5,3.5,3.5,3,4,4,3.5
151,3,2.5,3,4,4.5,4,3.5,3.5,3,4,3,4,4,3.5,4,4,4,3.5,4,4,4.5,4,4,4,4.333333333,4,4,4.666666667,3.5,3.333333333,3.666666667
152,NaN,NaN,NaN,NaN,NaN,NaN,NaN,NaN,NaN,NaN,NaN,NaN,NaN,NaN,NaN,NaN,NaN,NaN,NaN,NaN,NaN,NaN,NaN,NaN,NaN,NaN,NaN,NaN,NaN,NaN,NaN
153,NaN,NaN,2,1.5,1.5,1,1,2.5,2.5,2,2,4,3,2.5,2,2,2,2.5,2,2,2,2,2,2,2,2.5,2,2,2,1.5,1.5
154,NaN,NaN,NaN,NaN,NaN,NaN,NaN,NaN,NaN,NaN,NaN,NaN,NaN,NaN,NaN,NaN,NaN,NaN,NaN,NaN,NaN,NaN,NaN,NaN,NaN,NaN,NaN,NaN,NaN,NaN,NaN
155,1,1,1,1,1,1,1,1,1,1,1,1,1,1,1,1,1,1,1,1,1,1,1,1,1,1,1,1,1,1,1
156,1,1,2,1,2,2,2,2,2,2,1,2,1,2,1,1.5,1,1,1,1,1,1.5,2,3,2,1.666666667,2.333333333,2,2,2,1.666666667
157,3.5,3.5,4,3.5,4,4.5,4,3.5,4,4.5,3.5,4,4,4,3.5,4,4,4,4,4.5,5,5,5,5,4.666666667,4,3.666666667,3.666666667,3.5,3.666666667,3.333333333
158,1,1,1,1,1,1,1,1,1,1,1,1,1,1,1,1,1,1,1,1,1,1,1,1,1,1,1,1,1,1,1
159,2.5,2.5,2,2,1.5,2,2.5,2,2,2,2,2,1,2,2,1,1,1,2,1,2,1.5,2,2,1,1,1,1,1,1,1
160,4,3.5,3.5,3.5,3.5,3,3,2.5,2,2.5,2,2,2.5,3,2.5,3,3,2.5,2.5,3,3,3,2,2.5,3,2,2,2.666666667,3,3,2.666666667
161,2.5,2.5,2.5,2.5,2.5,2.5,3,2,3,3,3,2,2.5,2.5,2,2.5,3,3,3,2,3,2.5,2,3,2,1.5,1.5,2.5,2,2,2
162,5,4.5,5,4,4.5,4,4,3.5,3,3.5,3,2,2.5,3,2.5,2.5,3,1.5,2,2.5,2.5,2.5,3,3,3,2,2,2,2,2,2.666666667
163,4,4,4,4,3.5,3.5,3,3,3,3.5,4,3.5,3,4,4,4,4,4,4,4,4,4,4,4,3.666666667,4,5,4.666666667,4.5,4.666666667,4.333333333
164,2,2,1.5,1,1,1,1,1,2,1.5,1.5,1.5,2,1,2,1.5,1.5,2,1.5,1.5,1.5,1.5,1.5,1,1,1,1.5,1.5,2,1.5,2
165,1,1,1,1,1,1,1,1,1,1,1,1,2,2,2,2,2,2,2,2,1.5,2,1.5,2,1.5,1,1.5,1,1,1.5,1.5
166,NaN,NaN,NaN,NaN,NaN,NaN,NaN,NaN,NaN,NaN,NaN,NaN,NaN,NaN,NaN,NaN,NaN,NaN,NaN,NaN,NaN,NaN,NaN,NaN,1,1,2,1,NaN,2,2
167,1,2,1,1,1.5,1,1.5,1.5,1.5,1.5,1.5,1.5,1.5,1,1,1.5,1.5,2,1.5,1.5,1,1,1,2,1.666666667,1.666666667,2,1,1,1,1
168,3,3,3,2,2.5,2.5,2.5,2,2,2,2,2,3,2,2,1.5,1.5,2,2,2.5,1,1,1.5,1,2,1.5,2,1.666666667,1,1.333333333,1.333333333
169,3.5,3.5,3.5,3,2,1.5,2,2,1.5,2.5,2,2,2,2.5,3,2.5,2.5,2.5,2.5,3,3,2.5,2.5,2,2.5,2,2,2.5,3,3,2.5
170,NaN,NaN,NaN,NaN,NaN,NaN,NaN,NaN,NaN,NaN,NaN,NaN,NaN,NaN,NaN,NaN,NaN,NaN,NaN,NaN,NaN,NaN,NaN,NaN,NaN,NaN,NaN,NaN,NaN,NaN,NaN
171,NaN,NaN,NaN,NaN,NaN,NaN,NaN,NaN,NaN,NaN,NaN,NaN,NaN,NaN,NaN,NaN,NaN,NaN,NaN,NaN,NaN,NaN,NaN,NaN,NaN,NaN,NaN,NaN,NaN,NaN,NaN
172,2.5,2.5,2.5,2.5,4.5,4.5,4,3.5,4.5,4,4,4,4,4,4,4,4,4,4,4,4,4,4,3.5,4,3.333333333,4,3.666666667,4,4,3.666666667
173,4.5,4.5,4,4,5,5,5,5,5,4.5,4,4.5,4,3.5,3.5,2.5,2.5,3,2,2.5,2.5,3,2.5,2.5,3.333333333,2.333333333,3.333333333,3,3,3.333333333,3
174,NaN,NaN,NaN,NaN,NaN,NaN,NaN,NaN,NaN,NaN,NaN,NaN,NaN,NaN,NaN,NaN,NaN,NaN,NaN,NaN,NaN,NaN,NaN,NaN,NaN,NaN,NaN,NaN,NaN,NaN,NaN
175,NaN,NaN,NaN,NaN,NaN,NaN,NaN,NaN,NaN,NaN,NaN,NaN,NaN,NaN,NaN,NaN,NaN,NaN,NaN,NaN,NaN,NaN,NaN,NaN,NaN,NaN,NaN,NaN,NaN,NaN,NaN
176,2,2,2,2,2,2,2,2,2,2,2,1,1,1,1,2,1,2,2,2,2,1,2,2,1,1,1,1,1,1,1
177,1,1,1,1,1,1,1,1,2,2,1,1,2,1,2,2,2,2,2,2,2,2,2,2,2,2,1,2,2,2,2
178,NaN,NaN,NaN,NaN,NaN,NaN,NaN,NaN,NaN,NaN,NaN,NaN,NaN,NaN,NaN,NaN,NaN,NaN,NaN,NaN,NaN,NaN,NaN,NaN,NaN,NaN,NaN,NaN,NaN,NaN,NaN
179,1,1,1,1,2,1,1,1,1,1,1,1,2,1,1,1,2,2,2,1,2,2,1,2,2,1,1,1,1,1,1
180,1,1,1,1,1,1,1,1,1,1,1,1,1,1,1,1,1,1,1,1,2,1,1,1,1,1,1,1,1,1,1
181,1,1,1,1,1,1,1,1,1,1,1,1,1,1,1,1,1,1,1,1,1,1,1,1,1,1,1,1,1,1,1
182,1,1,1,1,1,1,1,1,1,1,1,1,2,2,1,1,1,1,1,1,1,1,1,1,1,1,1,1,1,1,1
183,2.5,2.5,2.5,3,2.5,3.5,2.5,3,3.5,3.5,3,3,3,3,3,3,3,3.5,3.5,4,3.5,3.5,3,3,3,3.333333333,3.666666667,3.666666667,4,4,3.666666667
184,3,3,3,3,2.5,3.5,2.5,3,3.5,3,2.5,2.5,2.5,2.5,1.5,2,3,3,2.5,3,2.5,2.5,3,2,2.5,2,2,2,2,2,3
185,2,2,2,2,2,2,2,2,2,2,2,2,2,2,2,2,2,2,2,2,2,2,2,1.5,1.666666667,1.666666667,1.333333333,1.333333333,2,1.666666667,2.333333333
186,2,2,2,1,1,1,1,2,1,1,1,1,2,2,2,1,1,1,2,2,1,1,1,2,2,2,2,1,1,1,1
187,2,3,4,4,5,4,5,4.5,5,5,4.5,4,2.5,3.5,2.5,2.5,2.5,2.5,2.5,2,2.5,2,2.5,3,2,2,2,2.5,3,2.5,3
188,2,1.5,1,1.5,1.5,1.5,1.5,1.5,2,2,1.5,2,2,2,2,2,1.5,1.5,1,1.5,1.5,1.5,1.5,1,1.333333333,1,1.666666667,1.333333333,1.5,1.666666667,1.666666667
189,NaN,NaN,NaN,NaN,NaN,NaN,NaN,NaN,NaN,NaN,NaN,NaN,NaN,NaN,NaN,NaN,NaN,NaN,NaN,NaN,NaN,NaN,NaN,NaN,NaN,NaN,NaN,NaN,NaN,NaN,NaN
190,1,1,1,1,1,1,1,1,1,2,1.5,1.5,2,1,2,1,2,2,1.5,1.5,1.5,1.5,1,1,1,2,1.5,1,1,2,2
191,1,1,1,1,1,1,1,1,1,1,1.5,1,1,1.5,1,1,1,1,1,1,1,1,1,1,1,1,1,1,1,1,1
192,1,1,1,1,1,1,1,1,1,2.5,3.5,3,3,3,2,1.5,1,1,1,1,1,1,1,1,1,1,1,1,1,1,1
193,5,5,5,4.5,5,4.5,4.5,3.5,3.5,4,4,4,4,4,4,4,4,5,5,4.5,4.5,5,4.5,4.5,5,4.333333333,4.333333333,3.666666667,4,4,4.666666667
194,4,4.5,4.5,5,4.5,4,4,3.5,4,3,3,3.5,3,3,3,3,3,3.5,3,3,3,3,3.5,3,3,3.333333333,3.5,3.666666667,3,3.333333333,3.333333333
195,NaN,NaN,NaN,NaN,NaN,NaN,NaN,NaN,NaN,NaN,NaN,NaN,NaN,NaN,NaN,NaN,NaN,NaN,NaN,NaN,NaN,4.5,4,4.5,5,5,5,5,5,4.666666667,5
196,1.5,1,1.5,1.5,2,2,2,2,2,1.5,1.5,2,3,2.5,2.5,2,2,2.5,2.5,2,1.5,1.5,1.5,1,1.5,1.5,2,2,2,2,1.666666667
197,5,4.5,4.5,4.5,3.5,4.5,4.5,4,4,4,4.5,4,3,3,3.5,4.5,5,5,4.5,5,4.5,4.5,4,3.5,3.666666667,3,3,3,2.5,2.333333333,2.666666667
198,NaN,NaN,NaN,NaN,NaN,NaN,NaN,NaN,NaN,NaN,NaN,NaN,NaN,NaN,NaN,NaN,NaN,NaN,NaN,NaN,NaN,NaN,NaN,NaN,NaN,NaN,NaN,NaN,NaN,NaN,NaN
199,4,4.5,5,5,5,4.5,4.5,4.5,4.5,5,5,5,4.5,5,5,5,5,5,5,5,5,5,5,5,5,5,5,4.666666667,4.5,4.666666667,4
200,3,2,1.5,2,2,2,1.5,2,1,1,2,2,2,1.5,2,2,2,2,1.5,1.5,2,2,1.5,2,1.5,1,2,2,2,2,2
201,1,1,1,1,1,1,1,1,1,1,1,1,1.5,1,1,1,1,1,1,1,1,1,1,1,1,1,1,1,1,1,1
202,1.5,1.5,1.5,1.5,1.5,1,1,1,1,1,1,1,2,2,2,1.5,1.5,2,2,1.5,1,1,1,1,1,1,1.5,1,1,1,1
203,4,3.5,3,3.5,4,3,3,3,3,3,3,3,3,3,3,3,3,3.5,4,4,4,5,5,5,5,5,5,5,5,5,5
204,4.5,4.5,4.5,4.5,3,2.5,3,2.5,3,3,2.5,2.5,2.5,2.5,2.5,3,3,3,2.5,2,2,2.5,3,3,3,3,3.333333333,3.333333333,3.5,3,3
205,2.5,2,3.5,2.5,3,2,2.5,2.5,2.5,2,2.5,2.5,2.5,3,3.5,4,4,4,3.5,3,4,3.5,3.5,3,3,3.333333333,3.333333333,3.333333333,4,3.333333333,3
206,NaN,NaN,NaN,NaN,NaN,NaN,NaN,NaN,NaN,NaN,NaN,NaN,NaN,NaN,NaN,NaN,NaN,NaN,NaN,NaN,NaN,NaN,NaN,NaN,NaN,NaN,NaN,NaN,NaN,NaN,NaN
207,2.5,3,2.5,4.5,3.5,2.5,2.5,2.5,4,3,2.5,2.5,2,3,3,4.5,3,3,2.5,2.5,2.5,3,2.5,1,1.5,2,2,3,2,3,3
208,NaN,NaN,NaN,NaN,NaN,NaN,NaN,NaN,NaN,NaN,NaN,NaN,NaN,NaN,NaN,NaN,NaN,NaN,NaN,NaN,NaN,NaN,NaN,NaN,NaN,NaN,NaN,NaN,NaN,NaN,NaN
209,1,1,1,1,1,1,1,1,1,1,1,1,1,1,1,1,1,2,1,1,1,1,1,2,1,1,1,1,1,1,1
210,2,2,1.5,2,1.5,1.5,1.5,1.5,1.5,1.5,1.5,1.5,2,2,2.5,3,2.5,2,2.5,2.5,2.5,2.5,2,2,2,2,2,2,2,1.5,2
211,3,3.5,3,3,3.5,3,2.5,3.5,3,3,3,3,2.5,3,3,2.5,3,3,3,3,3,2,2.5,3,2.333333333,2.333333333,3,2.666666667,2.666666667,3,2.666666667
212,3.5,4,4.5,4.5,5,4.5,4,3.5,4,4,3.5,4,3.5,3,3,3.5,3.5,4,3.5,3.5,3,3,3,3.5,3.333333333,4,4.333333333,4.333333333,4.5,4.666666667,4.333333333
213,1.5,1.5,1.5,1,1.5,2,2,2,2.5,2.5,2.5,2.5,2.5,3,3,3,3,2.5,2.5,2.5,3,3,3,3,3,3.333333333,3.333333333,3,3,3.666666667,3
214,NaN,NaN,NaN,NaN,NaN,NaN,NaN,NaN,NaN,NaN,NaN,NaN,NaN,NaN,NaN,NaN,NaN,NaN,NaN,NaN,NaN,NaN,NaN,NaN,NaN,NaN,NaN,NaN,NaN,NaN,NaN
215,1,1,1,1,1,1,1,1,1,1,1,1,1,1,1,1,1,1,1,1,1,1,1,1,1,1,1,1,1,1,1
216,4,4,3,3,3,3.5,3.5,3.5,3.5,3.5,3.5,3.5,4,4,4,4.5,4,4,3.5,3.5,3.5,3.5,3,3,3,2.666666667,3,3,3,3.333333333,3.666666667
217,1.5,1.5,1.5,1.5,2.5,2,2,2,3,3,2.5,2.5,3,3,3,2.5,3,3,3,3,2.5,3,3,3,3.666666667,4.333333333,3.666666667,3.666666667,4,3,3
218,1.5,2,1.5,1,1,1.5,1.5,2,2,1.5,1.5,2,2.5,2,2,2,2,2,2,1.5,1.5,1.5,2,3,2.666666667,3,2.333333333,2.666666667,3,3,3
219,1,1.5,1.5,1,1,1,1,1,2,1,1.5,2,2,2,2,2.5,2,2,2,2,1,1,1,1,1,1,1.5,1,1,1,1
220,2.5,2,1.5,2,2,2.5,3,3,3,2.5,3,3,2.5,3,2.5,3,2.5,2.5,2.5,2,2.5,2.5,2.5,3,3,2.5,3,3,3,3,3.5
221,1,2,2,1,1,1,1,1,1,1,1,2,2,2,3,3,3,3,3,3,3,3,3,2,2,2.5,2.5,2.5,3,3.5,3
222,NaN,NaN,NaN,NaN,NaN,NaN,NaN,NaN,NaN,NaN,NaN,NaN,NaN,NaN,NaN,NaN,NaN,NaN,NaN,NaN,NaN,NaN,NaN,NaN,NaN,NaN,NaN,NaN,NaN,NaN,NaN
223,3,2,2,1.5,2,2,1,1.5,1.5,1.5,2,1,2,1.5,1.5,1,1,1,1,1,1,1,1,1,1,1,1,1,1,1,1
224,1.5,1.5,1.5,2,2,2,2,2.5,2.5,2.5,2.5,3.5,3.5,3.5,3,4,3,3,3,3,3,3,3,3,3.333333333,3.333333333,3.333333333,3,3,3,3
225,1,1,1,1,1,1,1,1,1,1.5,1,1,1,1,1,1,1,1,2,1,2,2,1,1,1,1,1,1,1,1,1
226,3,3,3.5,3.5,4,3.5,4.5,3.5,3,3,2.5,3,4,3,3,3,3.5,3.5,3.5,3.5,3,3,3.5,3,3.333333333,3.333333333,3.666666667,4.333333333,4,4.666666667,5
227,3,3,2.5,2,2.5,2,2,2.5,2,2,2.5,2.5,2.5,3,3,3,2.5,2.5,3,2.5,2.5,2.5,3,3,3,3,3,3,4,3.333333333,3.333333333
228,NaN,NaN,NaN,NaN,NaN,NaN,NaN,NaN,NaN,NaN,NaN,NaN,NaN,NaN,NaN,NaN,NaN,NaN,NaN,NaN,NaN,NaN,NaN,NaN,NaN,NaN,NaN,NaN,NaN,NaN,NaN
229,4,4,4,4,4,4,4,3,3,3,4,3,3,4,4,3,3,3,3,3,3,3,3,3,3,3,2,2,2,2,NaN
230,2.5,2.5,3,3,4,3,2.5,3,3,2.5,3,3,3,3,4,4,3,4,4,4,4.5,4.5,3.5,3.5,4.666666667,5,5,5,5,5,5
231,3,1.5,2.5,3,2.5,2.5,2.5,3,3.5,2,2.5,3,3,3,3,3,3,2.5,3,3,4,3,3,3,3,2.5,3,2.5,3,3,3
232,2.5,2,2,2,2,2,3,2,2.5,3,3.5,3.5,3.5,4,3.5,4,4,4,4.5,3.5,3.5,3.5,3.5,3,3,3.333333333,3.666666667,3,3,3.333333333,3.333333333